TOTAL RUNTIME,AVG TIME PER CAR,CRASHED,AVG ANGER
38,0.0,TestDriver@48b915d,525.6897190476193
871,367.6,,2126.4246559523526
