TOTAL RUNTIME,AVG TIME PER CAR,CRASHED
165,33.0,
300,30.0,
463,30.866666666666667,
615,30.75,
762,30.48,
897,29.9,
1052,30.057142857142857,
1207,30.175,
1338,29.733333333333334,
1501,30.02,
