TOTAL RUNTIME,AVG TIME PER CAR,CRASHED,AVG ANGER
479,276.8333333333333,,1618.0765899470914
126,276.8333333333333,TestDriver@6ce2e687,2394.8720839947105
