TOTAL RUNTIME,AVG TIME PER CAR,CRASHED,AVG ANGER
250,162.5,,2353.099480820109
16,162.5,TestDriver@248ce0ea,265.8648889189514
