TOTAL RUNTIME,AVG TIME PER CAR,CRASHED
138,27.6,
280,28.0,
443,29.533333333333335,
602,30.1,
763,30.52,
912,30.4,
1012,28.914285714285715,
1156,28.9,
1304,29.636363636363637,
1460,29.79591836734694,
