TOTAL RUNTIME,AVG TIME PER CAR,CRASHED,AVG ANGER
383,238.16666666666666,,2065.449191227748
365,191.33333333333334,,2105.910228174594
