TOTAL RUNTIME,AVG TIME PER CAR,CRASHED,AVG ANGER
242,192.2,,2607.5075727092417
581,274.2,,2341.4609190475962
