TOTAL RUNTIME,AVG TIME PER CAR,CRASHED
161,8.05,
322,8.05,
485,8.083333333333334,
650,8.125,
811,8.11,
975,8.125,
1134,8.1,
1296,8.150943396226415,
1457,8.139664804469273,
1607,8.075376884422111,
