TOTAL RUNTIME,AVG TIME PER CAR,CRASHED,AVG ANGER
297,190.2,,3791.397742857126
1198,556.6,,1651.8734404761144
