TOTAL RUNTIME,AVG TIME PER CAR,CRASHED
163,4.075,
164,2.0759493670886076,X
164,1.4137931034482758,X
164,1.086092715231788,X
164,0.8817204301075269,X
164,0.7387387387387387,X
164,0.6431372549019608,X
164,0.5714285714285714,X
164,0.5173501577287066,X
164,0.47398843930635837,X
