TOTAL RUNTIME,AVG TIME PER CAR,CRASHED
155,6.2,
318,6.36,
481,6.413333333333333,
644,6.505050505050505,
802,6.467741935483871,
966,6.483221476510067,
967,5.557471264367816,X
967,4.883838383838384,X
967,4.3954545454545455,X
967,4.012448132780083,X
