TOTAL RUNTIME,AVG TIME PER CAR,CRASHED,AVG ANGER
503,292.2,,2298.7734190476267
305,239.8,,2997.3062647546876
