TOTAL RUNTIME,AVG TIME PER CAR,CRASHED,AVG ANGER
199,154.0,,3430.109000000005
335,230.8,,2642.4147333333485
