TOTAL RUNTIME,AVG TIME PER CAR,CRASHED
164,6.56,
322,6.571428571428571,
486,6.657534246575342,
649,6.622448979591836,
650,5.284552845528455,X
650,4.4520547945205475,X
650,3.823529411764706,X
650,3.3678756476683938,X
650,3.0232558139534884,X
650,2.742616033755274,X
