TOTAL RUNTIME,AVG TIME PER CAR,CRASHED,AVG ANGER
199,155.2,,2982.739916666665
414,232.2,,2019.274099999983
