TOTAL RUNTIME,AVG TIME PER CAR,CRASHED,AVG ANGER
1176,370.4,,2398.204842351998
219,180.4,,2863.872230952379
