TOTAL RUNTIME,AVG TIME PER CAR,CRASHED,AVG ANGER
273,171.33333333333334,,2616.715100529096
320,208.66666666666666,,2214.2390087632243
