TOTAL RUNTIME,AVG TIME PER CAR,CRASHED,AVG ANGER
116,0.0,TestDriver@48b915d,1521.4931093750015
166,114.25,,2434.372703125001
