TOTAL RUNTIME,AVG TIME PER CAR,CRASHED,AVG ANGER
418,172.5,,1884.3985625000037
60,172.5,TestDriver@66f472ff,1427.6734374999994
