TOTAL RUNTIME,AVG TIME PER CAR,CRASHED
1,0.04,X
1,0.02,X
1,0.013333333333333334,X
1,0.01,X
1,0.008,X
1,0.006666666666666667,X
1,0.005714285714285714,X
1,0.005,X
1,0.0044444444444444444,X
1,0.004,X
