TOTAL RUNTIME,AVG TIME PER CAR,CRASHED
160,6.4,
322,6.44,
487,6.493333333333333,
650,6.5,
651,5.208,X
651,4.34,X
651,3.72,X
651,3.255,X
651,2.8933333333333335,X
651,2.604,X
