TOTAL RUNTIME,AVG TIME PER CAR,CRASHED,AVG ANGER
446,186.0,,2032.1991875000126
1410,423.75,,1946.3296562498897
