TOTAL RUNTIME,AVG TIME PER CAR,CRASHED,AVG ANGER
83,0.0,TestDriver@48b915d,1112.9343750000007
199,109.75,,2472.878812499998
