TOTAL RUNTIME,AVG TIME PER CAR,CRASHED,AVG ANGER
293,162.33333333333334,,2192.042175925926
235,133.0,,1443.7617037037082
