TOTAL RUNTIME,AVG TIME PER CAR,CRASHED
164,6.56,
328,6.56,
329,4.386666666666667,X
329,3.29,X
329,2.632,X
329,2.1933333333333334,X
329,1.88,X
329,1.645,X
329,1.4622222222222223,X
329,1.316,X
