TOTAL RUNTIME,AVG TIME PER CAR,CRASHED,AVG ANGER
211,134.0,,1411.2276805555578
234,116.66666666666667,,1789.059259259254
