TOTAL RUNTIME,AVG TIME PER CAR,CRASHED
158,6.32,
321,6.42,
486,6.48,
648,6.48,
649,5.192,X
649,4.326666666666667,X
649,3.7085714285714286,X
649,3.245,X
649,2.8844444444444446,X
649,2.596,X
