TOTAL RUNTIME,AVG TIME PER CAR,CRASHED
164,6.56,
326,6.52,
481,6.413333333333333,
641,6.41,
804,6.432,
967,6.446666666666666,
1125,6.428571428571429,
1289,6.445,
1451,6.448888888888889,
1612,6.448,
