TOTAL RUNTIME,AVG TIME PER CAR,CRASHED,AVG ANGER
177,109.66666666666667,,2293.1762499999945
388,233.0,,627.5620370370365
