TOTAL RUNTIME,AVG TIME PER CAR,CRASHED,AVG ANGER
178,108.0,,987.1944074074081
227,104.0,,1499.8755555555579
