TOTAL RUNTIME,AVG TIME PER CAR,CRASHED
164,8.2,
327,8.175,
490,8.166666666666666,
652,8.15,
810,8.1,
975,8.125,
1140,8.142857142857142,
1300,8.125,
1463,8.127777777777778,
1464,7.32,X
