TOTAL RUNTIME,AVG TIME PER CAR,CRASHED,AVG ANGER
206,103.0,,1125.779479166669
188,94.0,,906.7356875000013
