TOTAL RUNTIME,AVG TIME PER CAR,CRASHED,AVG ANGER
161,80.5,,742.6225208333337
213,106.5,,1171.1298750000026
