TOTAL RUNTIME,AVG TIME PER CAR,CRASHED,AVG ANGER
290,290.0,,727.7085000000006
249,249.0,,2522.467666666662
