TOTAL RUNTIME,AVG TIME PER CAR,CRASHED
164,8.2,
327,8.175,
483,8.05,
484,6.05,X
484,4.84,X
484,4.033333333333333,X
484,3.4571428571428573,X
484,3.025,X
484,2.688888888888889,X
484,2.42,X
