TOTAL RUNTIME,AVG TIME PER CAR,CRASHED,AVG ANGER
338,338.0,,873.0751666666688
247,247.0,,2498.7343333333283
