TOTAL RUNTIME,AVG TIME PER CAR,CRASHED
165,8.25,
324,8.1,
488,8.133333333333333,
649,8.1125,
811,8.11,
973,8.108333333333333,
1133,8.092857142857143,
1298,8.1125,
1299,7.216666666666667,X
1299,6.495,X
