TOTAL RUNTIME,AVG TIME PER CAR,CRASHED,AVG ANGER
86,86.0,,2283.2505000000015
374,374.0,,979.8751666666699
