TOTAL RUNTIME,AVG TIME PER CAR,CRASHED,AVG ANGER
239,239.0,,2414.532916666661
199,199.0,,2155.913749999992
