TOTAL RUNTIME,AVG TIME PER CAR,CRASHED
160,10.666666666666666,
313,10.433333333333334,
474,10.533333333333333,
630,10.5,
794,10.586666666666666,
958,10.644444444444444,
1116,10.628571428571428,
1278,10.65,
1443,10.688888888888888,
1604,10.693333333333333,
