TOTAL RUNTIME,AVG TIME PER CAR,CRASHED,AVG ANGER
166,166.0,,1541.1388333333311
187,187.0,,2025.4990833333259
