TOTAL RUNTIME,AVG TIME PER CAR,CRASHED
154,125.06666666666666,
315,201.2,
476,281.24444444444447,
636,358.6166666666667,
801,439.56,
962,519.8444444444444,
1118,600.3714285714286,
1278,680.275,
1432,760.1185185185185,
1589,838.8066666666666,
