TOTAL RUNTIME,AVG TIME PER CAR,CRASHED,AVG ANGER
128,128.0,,3404.650499999994
124,124.0,,2373.696749999999
