TOTAL RUNTIME,AVG TIME PER CAR,CRASHED
158,138.2,
295,208.6,
456,279.6666666666667,
619,355.45,
779,434.44,
930,513.8,
1081,590.2285714285714,
1233,664.65,
1397,741.7111111111111,
1555,820.42,
