TOTAL RUNTIME,AVG TIME PER CAR,CRASHED,AVG ANGER
255,255.0,,2588.876499999996
173,173.0,,1631.3329166666638
