TOTAL RUNTIME,AVG TIME PER CAR,CRASHED,AVG ANGER
181,181.0,,1710.743166666663
89,89.0,,2363.350500000001
