TOTAL RUNTIME,AVG TIME PER CAR,CRASHED,AVG ANGER
258,258.0,,2624.4764999999966
203,203.0,,1980.205499999994
