TOTAL RUNTIME,AVG TIME PER CAR,CRASHED,AVG ANGER
200,200.0,,1948.0764999999942
406,406.0,,1074.7788333333344
