TOTAL RUNTIME,AVG TIME PER CAR,CRASHED
152,128.0,
295,198.5,
460,269.2,
605,346.05,
766,424.52,
921,502.8333333333333,
1076,578.8857142857142,
1231,657.475,
1355,733.2222222222222,
1516,808.08,
