TOTAL RUNTIME,AVG TIME PER CAR,CRASHED,AVG ANGER
142,93.0,,2195.4600740740702
163,101.66666666666667,,3683.8014629629483
