TOTAL RUNTIME,AVG TIME PER CAR,CRASHED,AVG ANGER
95,0.0,driver logic,1258.475000000002
142,84.66666666666667,,2676.219518518523
