TOTAL RUNTIME,AVG TIME PER CAR,CRASHED,AVG ANGER
213,118.33333333333333,,2547.188814814816
84,118.33333333333333,driver logic,1420.0370370370347
