TOTAL RUNTIME,AVG TIME PER CAR,CRASHED,AVG ANGER
2916,584.1666666666666,,1581.637662615748
2916,472.4166666666667,,2352.115873263942
