TOTAL RUNTIME,AVG TIME PER CAR,CRASHED,AVG ANGER
2916,549.3333333333334,,1357.1183550986054
2,549.3333333333334,driver logic,41.73292824074073
