TOTAL RUNTIME,AVG TIME PER CAR,CRASHED,AVG ANGER
2422,1137.8181818181818,,721.5845497343739
428,240.8181818181818,,2094.4376059376277
