TOTAL RUNTIME,AVG TIME PER CAR,CRASHED,AVG ANGER
357,246.25,,5179.088281111116
687,319.375,,3576.4095899690305
